Salary_0,Salary_1,YearsExp_0,YearsExp_1,[##V]_0,[##V]_1,[Academia]_0,[Academia]_1,[Degree]_0,[Degree]_1,[Region]_0,[Region]_1
1815908610,2108247067,-866378278,-1251208799,1,0,-1345719658,-1642598174,-1958860189,-533836411,1204914855,-1744739827
410103198,660084231,-209457869,168709965,1,0,1834144310,1937156055,1543938055,-1383190014,1488453693,1526124598
1972616948,1893329669,-449259171,-1152955201,1,0,1780639677,-1079827782,-1048269501,1401305833,787420247,-55954755
-2078797844,887474239,-6428557,-1506090385,1,0,-1538166518,1858204354,-480148377,1892863345,-1536233173,1656155331
1801222653,911209985,-1297160963,-858180782,1,0,187017627,854778129,-1425680535,-1754982176,434643549,-1901878426
1113935690,1927912943,-1611015702,-226869940,1,0,1332109449,-1280346912,394271951,-953812705,-920842328,-1722830132
-1107990882,-1793039656,1568102359,-480861988,1,0,-60840042,-502247236,-1150823391,-150620908,1000275293,1729075243
893996780,-585749995,-534565159,1896547480,1,0,-443624286,-1713701395,-929973948,-417732717,1257444112,-140032757
1386017589,-1547142970,-1087730984,-877070475,1,0,1375930011,-583141588,-2137090641,212697512,-1236720110,200806076
619002496,1446710589,2076611696,-1605096737,1,0,-274011300,-652585517,-533476379,-1523913024,-66029945,-786053509
295471595,-1709572674,-693160659,-1760627564,1,0,-1117661197,-1870692461,1739740448,1244851560,-1035767129,86191065
822690318,-580603579,-463654044,-754925054,1,0,-550339886,421845824,1708084285,348061871,-2035302277,2065859408
-688244327,-1637246385,2012911657,-588948663,1,0,878704501,-561999435,-1857510072,-1671219548,-1053796052,1896899969
430173272,2034228410,-1776853199,-1778278254,1,0,-1717013555,408098261,-551880847,-1681212535,1422762049,2122384020
-9635472,-1933611993,781984095,-1793578618,1,0,-2052467161,148467976,1828493193,-1588627948,-217889759,516407679
1606605569,-1483942736,-890595265,1783124614,1,0,-1930259459,-1413421864,-1904658046,-1551227668,215463245,-1356189539
-567502292,-1880782124,-917382326,-1714825956,1,0,-324066730,859724472,-1114881682,-712261869,1495335301,670261102
764873441,1700378584,-919483146,-1157100307,1,0,-1727659425,-529411671,757172036,-1382294071,1583440409,93601780
-586940787,2132147132,208548101,-1976382183,1,0,-1624534831,-1418206083,1167701430,1902640106,1368289273,1830200377
987083184,286633070,-489470384,1794289859,1,0,-483706101,-2076155220,948170068,-1390269192,-1266959359,472407220
1667075811,1662986587,-1158348143,-2041746953,1,0,1566776037,1066227180,2127459648,-75640303,875772251,-382582904
-1957622831,-2092912559,-2015469553,-113500288,1,0,-116020426,-1031532688,-35961982,-2146139660,-1909639830,-1474268874
-959476991,1999229144,1397898943,582700205,1,0,1300455472,1738199624,-290306340,607225771,-1243757535,57909313
1937695318,1512227319,-1276662149,-1402892144,1,0,-330259326,-702963252,-333922267,237490965,664016272,-1129809091
1174913331,1893123337,1494678269,1723561760,1,0,751717544,329657843,-525873373,327452568,2133286833,-2116248929
2119309812,49551566,1926469897,893567288,1,0,-1483198219,-1773973612,-1303358658,268047188,355453922,910223033
2097705831,-228794511,587805430,2126260983,1,0,-749816798,1662079301,-236661390,1208485400,1511270907,-1646106964
1967051556,789867566,-1237782596,-1883712239,1,0,-192296816,-1825382856,607304879,-1294673730,118741898,-287209713
1944648422,2090466371,1487758252,-568849472,1,0,-129485467,293538801,-295217792,180581248,301379534,-1440586441
-1212154842,-884655172,-484559448,-922800746,1,0,-1611688679,-30454240,916059654,-282169571,64017519,716123184
496897364,1729016687,207010914,-937053224,1,0,-2122222958,-1598451405,1259886392,-859192649,-260109582,275001156
790279603,1202739678,89230556,-1801262418,1,0,-1146240824,1684153107,212920303,506882664,-1974049978,-1759367652
1039441791,-1980870739,1354995391,908480155,1,0,-1575822797,-112138241,-899506336,831769720,1998257323,-1059196626
1217961486,-107483966,-1080257731,1924087061,1,0,-1467030063,-905073079,1677062940,-51189999,-1916622838,1760627819
1931046802,-160493249,-1311195074,-1406293225,1,0,1848879345,-488077550,-464105120,-1228940610,1344160809,-835385132
-308425723,2138724947,-284037135,-1530751614,1,0,1521510944,-895191277,-1028151515,-1886780483,1813751290,-1480468731
1436737652,1327992302,200158346,-1371116645,1,0,-1162133822,-1981649899,2023478498,1604427260,-752764605,-1454127696
1552599197,1402388939,-633904361,-1881803744,1,0,-439161585,201426676,1492038701,1653695171,692809503,820030298
602174251,-524534580,903263120,1559213738,1,0,-1649861635,-1732901922,1695039050,1398390773,-114398932,-1546067517
-2086073959,1978057154,1046395925,304953995,1,0,1435939327,2050665383,150714405,-57628399,-485550221,-2092785964
1831860165,1942347177,-863486755,1652407899,1,0,548927251,-895157179,1894082844,136530387,567310158,1463047647
177099042,-889920843,258200162,1948520089,1,0,1118501886,-122563236,1453057130,-1142260757,1571765826,248061469
-1925528915,-696483638,-2062724928,-710571663,1,0,1513982551,129938193,-484062304,-1513529507,1658326558,1148336686
-1962701424,1170208203,-921616702,1820575651,1,0,-649037391,-676601425,36179434,837559255,-1291539511,-1731156535
841490087,-1890235270,1926039937,-1490404091,1,0,-301547072,-1439793671,-2123047599,-350399966,421810337,-149825442
882774926,1629142227,1292412130,841961788,1,0,1208373433,-618935599,-385089980,-1451864326,1282746578,1042625568
460934084,-343530440,438104861,1259032385,1,0,-1593790620,611682084,-1652792508,-1421918918,1805264388,1486926975
-1718884678,-70242841,86346611,-1090112674,1,0,-1617658482,-2062474068,-6426630,-1115745710,1992836164,-1342486065
1490116673,264972927,-1914676641,1522730702,1,0,7026923,-383560906,-1544144443,697223294,1232276968,-932724010
-1944324936,-1668271792,1432344900,626021306,1,0,1571552365,-466936021,-2111868878,-1674394050,1663249150,-201556780
453974130,76290826,-2040058768,777091368,1,0,-475216616,-269993730,-1205059071,-298510576,-1564468882,-249124306
-479556668,1155235666,441075311,-1289971063,1,0,1821604599,1001395661,-708710559,-274125460,-1680566823,-261611961
7898036,1821211614,366247489,168283669,1,0,1815008983,150615040,-731516305,-977836230,434130148,210194352
1763145405,-886561746,1171517898,1296437150,1,0,-1974632544,-2044993180,-952582115,442343904,-664467311,-71639407
158898385,1457573325,-616338571,-2031739389,1,0,1179904996,-1477079083,-1866179975,844303778,1484726862,-951716827
629589342,-655150973,-554935976,-937790357,1,0,-112078011,-849851891,-750526243,-286538423,-598976936,1016650064
-1765423620,-2141958132,-423729248,-1664273049,1,0,-1816186804,-102503501,1780338423,-1998034894,-1196674932,-1960707364
1612821947,-845332292,-88541611,1975313036,1,0,1424394594,1863146268,-689756802,931601383,-659123956,1174046678
879145813,-130177177,-1064807473,285097088,1,0,-1959862235,88708510,790206385,-1523158149,-1116272800,1394356756
-1071584958,-1500231810,36555229,780015005,1,0,381370744,1470590288,-1284275492,1841544624,2040167703,1246415628
-1330904168,287408101,1477821050,498068789,1,0,-1542494223,708153288,-745399005,1957164187,-1261346097,-83940962
1496241499,257456346,1819763075,1899059858,1,0,-505073375,-391020099,-1095922577,-7875009,-1374148037,975932451
-301679960,-628139385,-1084036172,-1711488100,1,0,2013974620,1846055217,-5443855,-2027864617,-1270136090,716049661
-1278338836,1189238914,-1960889913,-448765881,1,0,-1693964450,-2125668096,-300390185,-1143241963,-182794174,-2099814949
-430498024,817862875,-1736583121,-2066888425,1,0,-697531635,395560694,379670523,-225568258,-235891000,1884609461
-129349614,1322314115,-172355660,1444891069,1,0,934121486,-1536835613,-1764171254,706572698,1579215056,373724541
243063177,-1210927223,-1186514439,27083697,1,0,1459878629,177031095,-1465320810,2134099303,-920170585,-833437329
655108154,2087658831,-1492309405,937640050,1,0,-962344244,-1587774309,257939480,-847996622,-994586748,-1195786197
1431980141,1484561808,72323675,-2101730855,1,0,154359718,-1072210540,-1297711146,-381412780,-538214471,2006221888
1068866507,494246757,1513393098,-2051596488,1,0,-1068021247,-175875558,1130783314,2128799102,1651323755,212500476
-1236229409,1529742710,-1034539238,2025136793,1,0,1254031545,640615317,-374928871,702348055,-920483764,-89984827
1012937729,858177092,1756254390,477700,1,0,2103596745,1127805313,1517606376,1819926848,1585436230,-736200436
1121003290,-839531974,1004217626,2077784617,1,0,-1372669056,-1020552830,508738677,-19348504,-1340760717,-338417832
650014876,125238369,-565969939,-1747550926,1,0,-2010429195,-567678614,1472569174,1062082873,1224818070,1467202543
2126446886,1992676293,808850328,-1355818778,1,0,1764834733,82041850,1252495914,-713927821,844342413,-671669634
500377903,-2118992428,-1676273079,1240560306,1,0,-1943411475,-147838351,1652537155,1094102252,1509975401,-1742934016
538027148,1586286215,-1271960968,1834103948,1,0,1561394067,444619232,221102865,1189975455,445419606,-16007525
-1422480746,-494173227,684995360,1244105511,1,0,-2101786889,-101474576,200152503,-1657064804,1380902903,-1503474968
-507192956,338269846,826489774,-919453636,1,0,-1833555337,1587361779,-1335917848,-572735898,-644716279,1820692131
-1578629404,891303710,1009961667,-828923465,1,0,-1945132332,242198023,-1990867375,-200857663,-1074557832,-565651234
-2057068374,-1316675372,-1428423422,-220589999,1,0,1528376376,1933463258,-51103654,243703936,625417646,-1638407803
-1784286739,-2113690559,-632640572,-1451152850,1,0,1011543224,709294007,1138385223,-944327967,-45850149,-1525529884
-228436353,1966742458,-2133155004,1995518785,1,0,-1663645001,243708936,-907858478,1543690441,-227448540,-1647471634
372410146,-1672992130,-265492827,883573732,1,0,162641117,-1718419295,1870363458,-2052932747,-894677057,-2066508927
-1417990453,1139324488,-2027096933,-1053665590,1,0,870170504,-392012504,65640367,-2051191010,-1545295354,1479933032
1202266698,844112542,710457260,-2100428982,1,0,-271785940,-534779322,441428454,-35783161,739065146,-1951456266
235253577,1795703427,1675718500,-941161459,1,0,-1424146357,-266529624,-103900989,-1329943195,-281397290,1636290569
162911789,-1898482023,-1736943462,-860657620,1,0,-442014689,-149915110,504957927,695179234,209829604,1797235495
1206199610,-1919235151,-1952882038,-664977768,1,0,-897429633,-637731815,-113708264,135389795,752077276,613273634
865695460,2068260436,963866257,621217104,1,0,995736048,203978569,-1153105417,-1843606850,-1095360817,1510285463
-770408952,1164757110,265062795,-1102043757,1,0,1936079520,-2006096076,2108362800,-621174160,1061593552,1427419537
1939352812,1810911867,-791871429,-1016412736,1,0,-819171816,1104823910,-784755955,1118597326,-409845322,501806268
-658388842,-480535717,-690073760,-2019334175,1,0,1991986272,256480744,-548577448,-667798924,43676817,-1875540420
-530020281,1879265438,-522016833,-1427461210,1,0,698002625,2015796262,-914773909,-707315554,124654684,1738935882
657787507,-1441169296,327009714,-7336236,1,0,-425635927,1479484255,-799290249,1361553848,-83226192,376102023
-983540427,1341242342,625103900,583362791,1,0,588710833,-1025352438,907480694,1821162528,77534754,-1040048601
-844935708,-1318501948,757214251,-1291858898,1,0,69416000,757274984,-1034121432,-1198815761,-1992015640,305660008
-233034562,-746765426,1596031776,1116198892,1,0,1967342530,1086954119,535389583,1232327170,-604531347,-809875326
-1468615814,-2081878740,163210211,1898453130,1,0,1679640380,-1235523703,-755854262,1971110327,-1394405951,-1294620865
112350653,-1361747575,1479120847,-359867243,1,0,167236817,-772174918,1516371464,-496922896,-62656788,285958218
-1905609623,1810063849,-453050300,-2117099580,1,0,460637562,2113070464,-1446246964,360388455,895394392,1460485116
-1559235008,-1567060611,-1091918492,699294155,1,0,-246343972,1163367913,-2001329031,-931760844,-1634073362,872903200
807183549,1036950099,238664736,554972305,1,0,1532542077,-599965701,1838621037,-1033960024,-293354361,-1774958181
-1242487108,156120715,-1671933035,329797255,1,0,1029132380,-1192369582,1661606881,-1690411778,1607080338,1009768882
-37289328,-358838885,1017204781,-580600292,1,0,-1134591722,-420832205,-1214388490,-1227344147,-885446448,-293570102
-270698694,318140679,-1287849826,532594202,1,0,-132795802,1136788483,594218373,215361379,1545523925,1297060530
375198691,-650080480,528207131,22725734,1,0,78256159,1477502535,992047962,1475412318,1144389047,313792445
1974593439,-1386746483,902833563,-1098159488,1,0,-2124848088,-1275533980,-482193115,-674715702,-377865003,-1889593475
733622735,-1178994677,-396179688,-1698656744,1,0,1156016874,1250767895,-1041020658,-1872857120,-2033800773,1075123582
-699430574,610349909,1774302107,974837986,1,0,-439553435,-2026125383,-1135453019,-280842147,1314269616,1262417415
-1636136242,552977332,1356412538,1966964546,1,0,-2070865591,866437903,569930360,-171243868,2078791106,-161979799
-1011039186,-1507940388,1930290661,-769028766,1,0,-1794400202,-1343186052,1762676856,-522663219,-1354932351,-799941823
904092331,710310818,1168848360,-950161989,1,0,1723478498,1317980220,1246889214,1377227023,-988951245,-1541480135
-1891357714,1807821967,1484445813,825853169,1,0,1710372801,-2032599470,2118326239,642183430,-671919648,1815985509
425998142,-1084834422,-83237240,541321960,1,0,-1405024643,-713942315,467700479,-301757437,172337375,-1069435013
1479711922,-1307343192,-24387937,322948085,1,0,-1797480554,1400420753,-2019294563,1438930812,1145454160,-1728231047
668681928,-1089711096,929130465,1620110977,1,0,2085724237,1903961599,-461093268,967960725,-653118641,1774100166
1822828662,-931341884,-1975944371,205281280,1,0,-1652221569,-1647784530,-866936574,-335830519,578393020,-1030020862
2037972361,-791181418,1325335976,-490202629,1,0,1603079464,1772082579,-1244771514,718085080,1524776605,-1860242581
-1475674795,-1521368485,-2096278929,277754822,1,0,1923379646,-1057049368,724460319,-387544914,1128554880,249123580
1169665558,-807565326,-814330672,-2146051223,1,0,-352321833,-202802262,-803378859,-1810264845,1641955653,1828114767
-1474806290,-1450780249,-1625031550,425045839,1,0,-925409626,2093681401,-1851390113,483190872,1513128991,1924798035
-1681553510,-1631372668,1964049681,2089970289,1,0,25437962,-1784037224,-98902853,29554330,2077486712,-1325556984
1712966338,1227271196,-413488769,-1202091651,1,0,-789855064,1023497407,981020080,-1596011813,1200433327,384709528
-1853158789,135546893,-231289645,-30179307,1,0,-1197793785,1780498783,-567843532,1241237217,-78981166,191836458
-1407258259,996491841,2096045009,846654252,1,0,1516350307,-210764535,440065779,1103842922,-1263623627,-566174945
-572339631,1471795830,-527184372,2059778864,1,0,31641059,-141651209,1327975016,-1184820941,-515550782,37606473
-2090797148,2093345722,1698272704,-778658716,1,0,-216256792,-1578165658,-1131728390,-186751408,-449402440,-2124866091
-1829852044,-474435489,-615605610,-492374284,1,0,1109140239,-1565232289,637591979,-524393928,1255156112,-1569233409
1437306311,-312195097,-40790342,-572795095,1,0,1172201212,-2103235924,-51685070,-881296537,-576149459,-250485362
250901920,404770906,-411249595,887692352,1,0,-1448719973,-1571621923,2104417412,244301010,1810159894,850093613
1537344781,2065085604,623187366,-13530959,1,0,2047923509,-434136510,1449137838,-46435119,1646646909,1698915772
-1849092668,1361428743,926346885,-275235533,1,0,230046655,83634850,-161629491,-1925026047,316192193,-1495613732
-1262694539,1350442371,-785664392,1349389682,1,0,1698541959,-151488866,-2048894246,-1131064490,1309270621,-1127369159
-1240695626,-947321023,-1556003668,-2997443,1,0,58190443,-1408364344,-1608514756,-2097803875,-687460558,700937850
1454164557,1874664346,843997174,-327339713,1,0,655453397,1894473568,-664665501,-1683069244,-683284720,741815285
955636759,-1689723796,1104399479,-871730996,1,0,-1177297215,1639632380,-1566477648,-1789000700,-1125331890,1879079716
904882335,-1990862581,-568566209,805624556,1,0,1639915904,2042263768,1114194815,-804885350,-1222921514,1806225013
-1402766385,-1790179151,50774336,1860781886,1,0,383733082,903700171,744819425,-176602038,419593614,1150468770
1295289254,2011708020,1854016138,-1251229127,1,0,1809582315,-512686540,1289011940,-70242280,-161419762,-607753228
80690733,1892948946,515286469,-1126577768,1,0,-2078140800,415685488,721148318,558436863,-1237771130,-594847572
-858888254,-114808726,-92966128,1798730952,1,0,65608920,-1800605568,2086826749,-1957873516,1692923058,38433975
166551356,1638866724,1616013699,135627177,1,0,616250657,-255890208,-541211586,-1007473341,1445635674,-175322912
-529992366,-1866058535,-1535863598,-1678001786,1,0,90430713,191745027,445775738,884141355,516425264,1627530979
-1505665235,1706172976,1400146423,-226375604,1,0,1368453537,-1457916159,-1318372867,-439029040,-1747693525,198378469
-985381590,220420945,-574892714,-1765081994,1,0,-1534496405,-1002864457,2002277289,-1680310887,962808406,-596088204
600377510,-443010304,-1142433123,608435115,1,0,832048299,-548974942,-128443750,1595531996,-133983830,-776383242
1140399330,-770911750,660706797,337860193,1,0,-1611484907,-484891647,-1887912424,-1538639625,825088713,188959363
-1348891093,2069977337,1732507436,-1766766039,1,0,569569111,-554953763,501461550,344294526,-882880017,-1610669931
-1440107925,1496756870,-1653701547,1525678549,1,0,332768095,-2067181508,1318070427,33651440,1734033553,-2019191792
-249712794,-773564298,1439140407,684736591,1,0,-290744669,-6591515,-480238971,1338034813,-488822499,-1177160587
-1531504940,-2025985651,-1847076568,1965734397,1,0,-2051094390,-628823357,1679641756,212055164,-1608346060,-614968100
-723567677,-1386943911,1764780048,334279733,1,0,2045684398,-2142046561,-1758321899,1960402986,-532774895,-764330408
1140268434,-622510263,1959349918,-77443097,1,0,-345117436,1112842405,-966075654,-1417729318,-325890342,-743378653
1749638165,-1109961909,-1847205384,-1305693045,1,0,-1778201027,2036014598,1851499195,-473567018,-1805806429,-668985237
-1572252912,-2119116979,1059930666,846090773,1,0,892157044,-474545169,123324765,-1050152381,-1041160432,-2059275927
1847294804,2076666648,-1791375136,-887936877,1,0,-1814783618,2115780043,774161104,1272049227,979120921,2126749341
-1812721155,-350546862,-397394398,-1489603833,1,0,1480136707,-344617887,-1363659894,-1549838220,-1535778898,1987086790
670998213,1609655004,846850867,-1725366516,1,0,-6361743,1924085343,409058594,1487439195,767984900,-1995932320
655685278,1989344856,666636326,-359346204,1,0,1261039357,550539455,108940404,-671287388,957040695,-231509038
1554617254,-1321987264,2077494873,2117889102,1,0,-1982440967,125663844,-1360540286,-1417426418,-1549434497,1630429442
-537264307,-2095815634,738374363,-1486719365,1,0,538360939,1069507325,2009908712,-1909848107,-1186393286,-705932207
-504174848,1379888742,74802581,-1783266987,1,0,-1098506981,1660872620,-858204668,-407187573,-229012140,886859812
-869587930,-886018911,763521502,2006012457,1,0,1937347741,-1617594511,-1697439140,-314576774,-1548493743,1445072274
-2079725723,19696574,-1252079415,80525469,1,0,1587650121,-676852930,520130703,1829115506,-321996874,386637993
720231739,309278328,1750405936,-943145481,1,0,2119246353,-1214521578,1775495357,774579585,-1716422555,1792836
1202603692,-1107836759,1017015207,-200338367,1,0,1011647585,977524608,1383087170,385938074,-407085668,-2116444289
-1202794432,636246415,-1158958549,-131523552,1,0,458650368,337879970,-637696649,-1015018315,1697130994,642288134
-1518233613,697439223,1405123619,1886720534,1,0,1605613511,847028516,-544870445,825780025,1414038187,753448458
1230863274,-146520284,337082585,416124378,1,0,-906252871,-15267072,925698995,2121699524,-668054263,-807371174
1476267751,-1709630116,1057484187,1918929749,1,0,534795048,770989648,-801747636,-748944766,269071192,1730207326
-1548921814,-2050639962,-860778031,912551892,1,0,-685124993,-583402953,-1193278820,1179483114,-805899853,-66218960
-506588208,-428238096,740424599,1669706820,1,0,-1057105030,1577981769,-306282877,-178934894,-714622421,-2144324978
-891043615,1752880348,1724816223,-663352911,1,0,-3017540,1007205948,1580874415,1791746884,2144146710,-56279669
-1704250502,-691844604,-1434106053,-1165678964,1,0,1424982669,1580084935,-418562085,-1728210656,-39512415,-362080018
-934230621,-117073112,-1970922180,-156458361,1,0,-1207275544,984822060,-1052293999,348152036,-1398686574,-1159053854
1801343650,-1795289534,-1351739852,1000439977,1,0,-299446142,859159815,920824430,1028090596,-2135157960,-161574262
229102561,-543824787,1883312415,1987549824,1,0,-1027118548,-1441249658,1453734868,-54608219,1685962785,262746016
490420696,328236218,849128501,-151719414,1,0,-1440373965,-1897533381,-917042657,-154765741,1271730406,-553019697
-1562323367,1179551353,-709235203,-1589930507,1,0,1013435159,-1661804167,-1280579811,1482042074,-445381238,1304430472
1863962936,-735085977,-1231166067,-2100558947,1,0,-1617093573,1216065613,761687546,-714226792,1148752598,172473003
1671441370,-718185810,-348266399,-1888098868,1,0,-1398288753,365166301,510595433,718117366,28985526,-228662700
1442344798,1353250123,10116014,-6585464,1,0,964208014,1271803749,-1954540323,-1771039367,-1831493944,477990103
823618120,-1566854441,694748083,-800899086,1,0,244608211,190249337,1133364738,230894752,5763500,1666296345
1862264004,1842125014,-198264452,1559445957,1,0,803025224,719416497,-1540714001,589345083,355309294,877877637
-1985555625,235996415,1379423410,555135916,1,0,-380037218,502577579,-334425782,-2135722236,2058926071,-1181681651
186692529,-953510062,207830383,480801518,1,0,-2093901501,-911252916,-1570721070,1453180629,-1507650831,-1283055621
1230703882,552886605,908204505,-2108082947,1,0,1778261252,-722279184,1629138714,1448434764,-1046066952,-532907491
-945188775,35983766,-1212764015,1817692223,1,0,-1422489268,544047065,478907543,1458411171,558115061,-2128829078
-352580739,-418172955,1128374602,871485583,1,0,-1546005681,-1907217938,1972953214,-1151563474,1568089718,-1376310091
1192747962,600280951,-1733462442,-1818803262,1,0,1602175581,1802466581,-519321335,1805137566,-324689765,2090943617
2135098805,-867630622,1027285962,736189895,1,0,72667567,293869316,-910096727,522304957,822928026,511806484
1793193849,-399624895,1231881145,-1061648598,1,0,-118251868,1076712937,15074709,-1309287407,1711861636,181869742
-768258728,620564000,492875409,370797152,1,0,-225446330,-1762311067,-97581708,1869450143,-1066822076,581227614
-396863516,-1014200067,366994035,-971486600,1,0,-2116964857,-805703280,477700072,-1344689194,-706501796,277368696
1437809429,-2099073091,991458364,547084713,1,0,1763912041,1022941229,-1640785758,1046400432,874022055,964979201
304434701,1984472475,1017931012,954957866,1,0,-1129151493,293897346,-1975883843,-714087308,-1011803087,968973412
506571570,1524503794,-74746800,-850524427,1,0,1242876938,-2080725805,-2023381044,235403134,1075110828,246972240
453533055,-826971876,1761208563,-266716360,1,0,-120292419,1893340857,1164855186,1751424697,2082397310,-261532176
-1710343812,1747363410,895769050,407551351,1,0,-381790578,1755320470,-1501809317,-1040445486,1176087080,1945310662
1351545783,1428801179,-1595433265,215789911,1,0,-752744390,135720956,1528546913,592698886,1053035781,136643641
-1750101670,1851422339,-578733710,2112420637,1,0,-1311802226,620440673,-352056692,-1147684585,1759132694,400998200
950539945,285938489,-126197733,1698384614,1,0,1787007809,-1518985799,-365624021,-1410321847,2077641595,1859930331
-66264504,-592313331,-16161637,1161261449,1,0,-12473835,783821499,1961310054,126362009,456081042,-611109364
748688913,-1560601411,2022136683,-1642385703,1,0,970731212,-1157953575,1913100402,2069166134,501081796,858336922
-621419078,-1737211733,697925385,-1827393819,1,0,-1820371432,-664930905,-1173161959,-666044938,860986513,1882788763
933763014,1488542974,362702401,192949404,1,0,-105193463,1186861113,-2127728297,-231203345,1253806105,-239192360
-274630327,-1139614026,-1951703129,67977848,1,0,-686558347,89831644,-1982563583,-616796743,-511610826,1046564513
-264238634,-1252882873,-1257770572,1342017349,1,0,1471213987,-1055735238,825629773,1814297640,-1072889885,-606457584
1969692262,-1804687916,379790080,-516292126,1,0,1597361266,-2059027270,1552559310,-561287165,1961348605,-1414778306
336135391,1171550372,-854912605,1058161424,1,0,854527996,1626755990,1744221420,-1977075355,-1039043672,-836144923
84321204,1890484066,-359979012,559291175,1,0,1614769837,698515230,1287393416,-1411727165,975663071,-806451970
-699568587,1847608292,1018873874,1124651004,1,0,684152179,-354144315,1165872719,-669723705,-1009350543,105713857
-1328111902,-1703816666,-1420405550,1958337743,1,0,-1833477029,1382285093,1452004400,-1818895251,-1607411775,-1792293031
43247795,1452544532,1830707628,1910077867,1,0,-304502794,552753361,-1580752198,149470785,1496411760,1970866791
1973982024,2022820867,564864784,859116873,1,0,-1480619205,1246068505,2134498078,94796030,1969341978,535575370
-1004777599,423314671,-1822302484,-1088271658,1,0,-1618797856,151045883,-159576634,-1765411093,-1254835354,1631919502
1703729056,-1607691653,-1873395365,1158063116,1,0,-681916004,501936339,1786588571,1408179316,-1999751305,386029141
1442714135,-555864650,2055577455,2012916142,1,0,577456763,536560939,-1578548557,-1729761265,-384237837,-1422719942
-1841118568,1042132085,877506395,-503596084,1,0,693141536,983432193,1817340648,-895266353,137837511,1437376177
-2043859435,1336198795,1940633045,1647784373,1,0,-1649882579,-659330474,-680732102,-759042415,2020825380,596218301
-1875655442,834020922,1740991292,990306512,1,0,106730526,1271484437,237285560,1283480410,-1756733979,-886186648
-750170292,-1329808070,-1792572990,-562550360,1,0,-1671944293,-1356415887,-2076211604,-752543315,-1659347584,769465557
-1000131547,80808735,-1145226360,403753292,1,0,-165548233,-1952544167,-16250141,-1081683086,-681636500,13940653
-455860362,1440538726,1434639752,-804495840,1,0,147652243,151656850,897380599,-1801264361,283817548,-502296190
307230926,283282004,1520392465,186452039,1,0,-1609200237,-143254015,-1669503692,-1950679257,-641507554,-162936718
-1873338070,1554425328,-411680106,-681643501,1,0,1337337422,-53015784,-1229669048,-1982061404,2127564369,554679417
-953117927,-1877562795,-1356693987,611012845,1,0,-1624278359,-24103608,-1690075936,629286015,448821597,-1640941783
1645410523,1031771437,-1484942790,1479635385,1,0,1872472404,-1263296663,273364649,1653026214,-1228420713,-1011180922
-644842423,-1071993397,858111184,-2047586013,1,0,1232385752,-821748764,-1319720772,-920808323,685651707,-663605777
2038899218,-1725860166,-225204468,872008789,1,0,-63116405,1607861479,-1327286019,-435657862,-1201716975,199776850
-1817781342,-528723538,-287101808,1002193594,1,0,-1763128045,367970720,-1015946770,-100799077,219666495,807050505
221638745,541346958,768831890,-170665364,1,0,-1356365590,1898586963,-1262557146,92453852,-505302980,-1532604259
-1033956265,-2131966257,1351644353,926477518,1,0,768145279,-667774699,-1819245969,1991410182,-1054363481,1669477204
1876420841,814682707,-329598943,-442114504,1,0,-1989512923,-564114103,-1778545485,666715912,2031428736,1636556963
501021468,261705474,2080105460,-785206967,1,0,2122374559,-1575537357,-584776149,2038549403,932807620,-405384676
1512224564,5397107,845623346,-1371632311,1,0,1451603813,1979243901,-117600237,-1963785807,243417501,1784257256
-961828933,1209009476,-765884545,-460408546,1,0,1373923651,-1161572227,515629266,-1473539904,-1817601079,-6873154
-1752809958,1298264617,740093092,781611132,1,0,-440218817,2039680448,1152330417,-1066660480,509165337,-1847858265
304807530,221426465,1962605741,638919928,1,0,-812385141,1382681794,1197686170,1688798572,753576191,1042568731
181434946,488164109,-1150494501,2105093094,1,0,-1084309978,243637627,2068266076,-1572551989,1258007184,770127882
-917857305,113897165,130878508,-869994856,1,0,417342527,1791815356,-153932444,1034852321,1311748604,-193977093
-69311525,-382244062,-652802848,-397449085,1,0,-226295406,-536518025,1306880058,-1467863171,-403687551,1323449421
-434406017,372620504,1830611992,-643266593,1,0,-21009516,-1241921130,164621557,-1248603439,1847160695,334571017
39388747,1344340468,-496066775,1758306329,1,0,663727123,-57281580,253560257,1411634598,675305948,1937376756
471276174,-404639192,1149506697,539102756,1,0,-6531722,1254962279,-1517260552,1130063916,1941184569,1588562765
1975471811,1176701957,-1555813837,-1459490948,1,0,-1949378346,-1880835054,-2058477425,-152236862,-1700065093,-1723828298
-812534344,389967572,-160427147,408853429,1,0,676982729,-924982292,291464182,-1712934228,828179262,-1646514180
1880034514,-622705119,-1600769278,1170306952,1,0,1982640588,-1663039425,335564799,-2104317782,868269114,-1811729554
1413354393,969590200,-1883054808,958746465,1,0,-688519754,-144451320,2048025227,-919364131,-1213703669,-938904964
1451169855,1148964761,-938239295,-1499545144,1,0,1939241196,-1197478567,-381181196,-2029465345,-1802136319,-1357738558
-1592599679,15856200,1968076370,1047517746,1,0,-2062912993,995086589,1359267231,351577562,-1723267077,-163191843
1813867875,774731930,-339649717,1643683803,1,0,63512392,-106762922,293913727,-1136651177,-63306781,1097831139
932951744,1297210993,-745539745,1052002281,1,0,1400345205,162655060,-1614463986,987362616,1755368844,-1115341076
-1614785634,467866823,864360979,-2061474120,1,0,-2000736238,-573607760,-1555983932,-131771526,-677857240,582468198
-577911305,-1903875062,-764185826,-414646267,1,0,244306115,-959723595,-1402661175,285332903,-1835586470,1991989796
